{
    "dataset": {
        "name": "NSL-KDD-R",
        "train_concepts_no": 5,
        "test_concepts_no": 5
    },
    "strategy": {
        "name": "Cumulative",
        "model": "IsolationForest",
        "replay_size": 5
    },
    "matrixMetricEvaluationCallback_ROC-AUC": {
        "ROC-AUC": {
            "metrics": {
                "ContinualAverageAcrossLearnedConcepts": 0.9141666666666668,
                "BackwardTransfer": -0.02287499999999999,
                "ForwardTransfer": 0.6065
            },
            "concepts_order": [
                "Cluster_0",
                "Cluster_1",
                "Cluster_2",
                "Cluster_3",
                "Cluster_4"
            ],
            "matrix": {
                "Cluster_0": {
                    "Cluster_0": 0.99375,
                    "Cluster_1": 0.60875,
                    "Cluster_2": 0.4925,
                    "Cluster_3": 0.49125,
                    "Cluster_4": 0.4925
                },
                "Cluster_1": {
                    "Cluster_0": 0.9237500000000001,
                    "Cluster_1": 0.93625,
                    "Cluster_2": 0.5137499999999999,
                    "Cluster_3": 0.88375,
                    "Cluster_4": 0.5175000000000001
                },
                "Cluster_2": {
                    "Cluster_0": 0.9275,
                    "Cluster_1": 0.9275,
                    "Cluster_2": 0.9412499999999999,
                    "Cluster_3": 0.90375,
                    "Cluster_4": 0.56125
                },
                "Cluster_3": {
                    "Cluster_0": 0.91125,
                    "Cluster_1": 0.91875,
                    "Cluster_2": 0.92125,
                    "Cluster_3": 0.8925000000000001,
                    "Cluster_4": 0.6
                },
                "Cluster_4": {
                    "Cluster_0": 0.8825000000000001,
                    "Cluster_1": 0.8925000000000001,
                    "Cluster_2": 0.895,
                    "Cluster_3": 0.865,
                    "Cluster_4": 0.88375
                }
            }
        }
    }
}